[{"model": "admin.logentry", "pk": 1, "fields": {"action_time": "2022-01-18T18:37:28.116", "user": 9, "content_type": 8, "object_id": "1", "object_repr": "admin", "action_flag": 3, "change_message": ""}}, {"model": "admin.logentry", "pk": 2, "fields": {"action_time": "2022-01-18T18:37:42.463", "user": 9, "content_type": 8, "object_id": "7", "object_repr": "121qwe12", "action_flag": 3, "change_message": ""}}, {"model": "admin.logentry", "pk": 3, "fields": {"action_time": "2022-01-18T18:37:42.468", "user": 9, "content_type": 8, "object_id": "6", "object_repr": "121qwe", "action_flag": 3, "change_message": ""}}, {"model": "admin.logentry", "pk": 4, "fields": {"action_time": "2022-01-18T18:37:42.472", "user": 9, "content_type": 8, "object_id": "5", "object_repr": "1213qwe", "action_flag": 3, "change_message": ""}}, {"model": "admin.logentry", "pk": 5, "fields": {"action_time": "2022-01-18T18:37:42.475", "user": 9, "content_type": 8, "object_id": "4", "object_repr": "arg32", "action_flag": 3, "change_message": ""}}, {"model": "admin.logentry", "pk": 6, "fields": {"action_time": "2022-01-31T22:00:35.343", "user": 9, "content_type": 8, "object_id": "9", "object_repr": "super", "action_flag": 2, "change_message": "[]"}}, {"model": "admin.logentry", "pk": 7, "fields": {"action_time": "2022-01-31T22:01:13.118", "user": 9, "content_type": 8, "object_id": "9", "object_repr": "super", "action_flag": 2, "change_message": "[]"}}, {"model": "admin.logentry", "pk": 8, "fields": {"action_time": "2022-02-01T14:30:41.002", "user": 9, "content_type": 7, "object_id": "6", "object_repr": "Кресло (Офис)", "action_flag": 2, "change_message": "[{\"changed\": {\"fields\": [\"\\u0424\\u043e\\u0442\\u043e\\u0433\\u0440\\u0430\\u0444\\u0438\\u044f\"]}}]"}}, {"model": "admin.logentry", "pk": 9, "fields": {"action_time": "2022-02-07T13:56:26.325", "user": 9, "content_type": 7, "object_id": "3", "object_repr": "Классический диван (Модерн)", "action_flag": 2, "change_message": "[{\"changed\": {\"fields\": [\"\\u041a\\u043e\\u043b-\\u0432\\u043e \\u043d\\u0430 \\u0441\\u043a\\u043b\\u0430\\u0434\\u0435\"]}}]"}}, {"model": "admin.logentry", "pk": 10, "fields": {"action_time": "2022-02-07T14:01:51.457", "user": 9, "content_type": 7, "object_id": "1", "object_repr": "Лампа-сфера (Дом)", "action_flag": 2, "change_message": "[{\"changed\": {\"fields\": [\"\\u041a\\u043e\\u043b-\\u0432\\u043e \\u043d\\u0430 \\u0441\\u043a\\u043b\\u0430\\u0434\\u0435\"]}}]"}}, {"model": "admin.logentry", "pk": 11, "fields": {"action_time": "2022-02-07T14:02:00.611", "user": 9, "content_type": 7, "object_id": "7", "object_repr": "test_prod (Дом)", "action_flag": 2, "change_message": "[{\"changed\": {\"fields\": [\"\\u041a\\u043e\\u043b-\\u0432\\u043e \\u043d\\u0430 \\u0441\\u043a\\u043b\\u0430\\u0434\\u0435\"]}}]"}}, {"model": "admin.logentry", "pk": 12, "fields": {"action_time": "2022-02-07T14:02:05.062", "user": 9, "content_type": 7, "object_id": "6", "object_repr": "Кресло (Офис)", "action_flag": 2, "change_message": "[{\"changed\": {\"fields\": [\"\\u041a\\u043e\\u043b-\\u0432\\u043e \\u043d\\u0430 \\u0441\\u043a\\u043b\\u0430\\u0434\\u0435\"]}}]"}}, {"model": "admin.logentry", "pk": 13, "fields": {"action_time": "2022-02-07T14:02:11.076", "user": 9, "content_type": 7, "object_id": "5", "object_repr": "Чайник (Модерн)", "action_flag": 2, "change_message": "[{\"changed\": {\"fields\": [\"\\u041a\\u043e\\u043b-\\u0432\\u043e \\u043d\\u0430 \\u0441\\u043a\\u043b\\u0430\\u0434\\u0435\"]}}]"}}, {"model": "admin.logentry", "pk": 14, "fields": {"action_time": "2022-02-07T14:02:15.040", "user": 9, "content_type": 7, "object_id": "4", "object_repr": "Стулья (Офис)", "action_flag": 2, "change_message": "[{\"changed\": {\"fields\": [\"\\u041a\\u043e\\u043b-\\u0432\\u043e \\u043d\\u0430 \\u0441\\u043a\\u043b\\u0430\\u0434\\u0435\"]}}]"}}, {"model": "admin.logentry", "pk": 15, "fields": {"action_time": "2022-02-07T14:02:20.112", "user": 9, "content_type": 7, "object_id": "3", "object_repr": "Классический диван (Модерн)", "action_flag": 2, "change_message": "[{\"changed\": {\"fields\": [\"\\u041a\\u043e\\u043b-\\u0432\\u043e \\u043d\\u0430 \\u0441\\u043a\\u043b\\u0430\\u0434\\u0435\"]}}]"}}, {"model": "admin.logentry", "pk": 16, "fields": {"action_time": "2022-02-07T14:02:26.642", "user": 9, "content_type": 7, "object_id": "2", "object_repr": "Стул фамильный (Классика)", "action_flag": 2, "change_message": "[{\"changed\": {\"fields\": [\"\\u041a\\u043e\\u043b-\\u0432\\u043e \\u043d\\u0430 \\u0441\\u043a\\u043b\\u0430\\u0434\\u0435\"]}}]"}}, {"model": "sessions.session", "pk": "phdlzsenu5zxp5y41o0nr2gkj1pg4yl4", "fields": {"session_data": ".eJxVjMsOgyAUBf-FdUPAC4pddu83EO7DYttAIrpq-u-NiYt2e2bmvFVM-5bj3mSNC6urGtXld8NETykH4Ecq96qplm1dUB-KPmnTU2V53U737yCnlo8aPIGxPYonCdbMiLOjDryz5CTwyKZn3yEP4MUaQvApGGNRegsEg_p8AfKWN-c:1nAFqe:SHcmON_6W2gabSLr9_8JwY10GTh8qxa9DlYs-uc2yIY", "expire_date": "2022-02-02T18:38:20.232"}}, {"model": "sessions.session", "pk": "rou5hcjwhtuh7hc9t1gyxv5569i9jtwn", "fields": {"session_data": ".eJxVjMsOgyAUBf-FdUPAC4pddu83EO7DYttAIrpq-u-NiYt2e2bmvFVM-5bj3mSNC6urGtXld8NETykH4Ecq96qplm1dUB-KPmnTU2V53U737yCnlo8aPIGxPYonCdbMiLOjDryz5CTwyKZn3yEP4MUaQvApGGNRegsEg_p8AfKWN-c:1nFwf7:2Yv7CREAOGeAH5NBLCrdQ-A_QH4NFHQXoOyAUppjGEE", "expire_date": "2022-02-18T11:21:57.914"}}, {"model": "mainapp.productcategory", "pk": 1, "fields": {"name": "Дом", "description": "", "created_at": "2022-01-16T17:49:59.071", "updated_at": "2022-01-31T23:23:43.842", "is_active": true}}, {"model": "mainapp.productcategory", "pk": 2, "fields": {"name": "Офис", "description": "", "created_at": "2022-01-16T17:49:59.077", "updated_at": "2022-01-16T17:49:59.077", "is_active": true}}, {"model": "mainapp.productcategory", "pk": 3, "fields": {"name": "Модерн", "description": "", "created_at": "2022-01-16T17:49:59.081", "updated_at": "2022-02-01T14:27:32.217", "is_active": true}}, {"model": "mainapp.productcategory", "pk": 4, "fields": {"name": "Классика", "description": "", "created_at": "2022-01-16T17:49:59.084", "updated_at": "2022-01-16T17:49:59.084", "is_active": true}}, {"model": "mainapp.product", "pk": 1, "fields": {"category": 1, "name": "Лампа-сфера", "image": "products_imgs/product-1.jpg", "short_desc": "Уникальный дизайн", "description": "Уникальный дизайн", "price": "1000.00", "quantity": 55, "is_active": true}}, {"model": "mainapp.product", "pk": 2, "fields": {"category": 4, "name": "Стул фамильный", "image": "products_imgs/product-4.jpg", "short_desc": "Интересный стул", "description": "Интересный стул", "price": "500.00", "quantity": 55, "is_active": true}}, {"model": "mainapp.product", "pk": 3, "fields": {"category": 3, "name": "Классический диван", "image": "products_imgs/product-3-sm.jpg", "short_desc": "Уникальный дизайн", "description": "Уникальный дизайн", "price": "10000.00", "quantity": 55, "is_active": true}}, {"model": "mainapp.product", "pk": 4, "fields": {"category": 2, "name": "Стулья", "image": "products_imgs/product-2.jpg", "short_desc": "Уникальный дизайн", "description": "Уникальный дизайн", "price": "2000.00", "quantity": 55, "is_active": true}}, {"model": "mainapp.product", "pk": 5, "fields": {"category": 3, "name": "Чайник", "image": "products_imgs/product-3.jpg", "short_desc": "Уникальный дизайн", "description": "Уникальный дизайн", "price": "1500.00", "quantity": 55, "is_active": true}}, {"model": "mainapp.product", "pk": 6, "fields": {"category": 2, "name": "Кресло", "image": "products_imgs/product-21_aVVaBOb.jpg", "short_desc": "Интересное кресло", "description": "Супер кресло", "price": "5000.00", "quantity": 55, "is_active": true}}, {"model": "mainapp.product", "pk": 7, "fields": {"category": 1, "name": "test_prod", "image": "products_imgs/slider1.jpg", "short_desc": "test_short", "description": "test_desc", "price": "100.00", "quantity": 55, "is_active": false}}, {"model": "authapp.shopuser", "pk": 2, "fields": {"password": "pbkdf2_sha256$320000$O8usM9Kb16dmWvF3bYA9QA$CJWWHAlt3gcyRb7v3FYebfDh/UHI47WHwLn7bQM1kyA=", "last_login": null, "is_superuser": false, "username": "hds212", "first_name": "jlh121", "last_name": "gdf", "email": "qqw3dfwe@asd.ru", "is_staff": false, "is_active": false, "date_joined": "2022-01-16T17:50:42", "avatar": "", "age": 354, "activation_key": "b2055fa877f7f347c14037adef9496d51d16abe4", "activation_key_expires": "2022-01-18T17:50:11.558", "groups": [], "user_permissions": []}}, {"model": "authapp.shopuser", "pk": 3, "fields": {"password": "pbkdf2_sha256$320000$Kh4bp8e9TJVjpQIhQgNEP8$sSGAmGCKcQkaHubTpMDLZ2CfXUtzOVDm9ZyA3kRreFA=", "last_login": null, "is_superuser": false, "username": "wegdf-qw", "first_name": "wqemn", "last_name": "", "email": "qq@kwakwa.krya", "is_staff": false, "is_active": false, "date_joined": "2022-01-17T15:50:18", "avatar": "", "age": 123, "activation_key": "a89d8f8e9c6daadeb33b17ceb7cb19ac3c26221a", "activation_key_expires": "2022-01-19T15:49:00.325", "groups": [], "user_permissions": []}}, {"model": "authapp.shopuser", "pk": 8, "fields": {"password": "pbkdf2_sha256$320000$su0CYt9c0uI8itt06VqjRL$T1qRvXaoxjYIDQhluOnyXlTMmCN9Stw4TM7vjcR68YQ=", "last_login": "2022-01-17T17:02:11.518", "is_superuser": false, "username": "kryak", "first_name": "bryak", "last_name": "", "email": "quruku@kek.pek", "is_staff": false, "is_active": true, "date_joined": "2022-01-17T17:01:55", "avatar": "", "age": 2314, "activation_key": "8b14f2749cc37496e61d985eb56cbdaccb7328d2", "activation_key_expires": "2022-01-19T16:50:10.476", "groups": [], "user_permissions": []}}, {"model": "authapp.shopuser", "pk": 9, "fields": {"password": "pbkdf2_sha256$320000$0VW87oy0alAHw6j2gpUro7$IdHK8l2/VTO9gL2K2mjOsyoxQHVR/KaaYrt9r8XCIms=", "last_login": "2022-02-04T11:21:57.794", "is_superuser": true, "username": "super", "first_name": "super", "last_name": "", "email": "admin@admin.com", "is_staff": true, "is_active": true, "date_joined": "2022-01-18T18:35:36", "avatar": "", "age": 18, "activation_key": "", "activation_key_expires": "2022-01-20T18:35:10", "groups": [], "user_permissions": []}}, {"model": "authapp.shopuserprofile", "pk": 1, "fields": {"user": 2, "tagline": "", "about_me": "", "gender": ""}}, {"model": "authapp.shopuserprofile", "pk": 2, "fields": {"user": 3, "tagline": "", "about_me": "", "gender": ""}}, {"model": "authapp.shopuserprofile", "pk": 3, "fields": {"user": 8, "tagline": "", "about_me": "", "gender": ""}}, {"model": "authapp.shopuserprofile", "pk": 4, "fields": {"user": 9, "tagline": "", "about_me": "", "gender": ""}}, {"model": "basketapp.basket", "pk": 1, "fields": {"user": 8, "product": 2, "quantity": 7, "add_datetime": "2022-01-17T17:16:18.641"}}, {"model": "basketapp.basket", "pk": 15, "fields": {"user": 9, "product": 4, "quantity": 5, "add_datetime": "2022-02-04T13:19:55.823"}}, {"model": "ordersapp.order", "pk": 1, "fields": {"user": 9, "created": "2022-01-23T14:50:24.157", "updated": "2022-02-06T13:28:30.712", "status": "FM", "is_active": true}}, {"model": "ordersapp.orderitem", "pk": 1, "fields": {"order": 1, "product": 1, "quantity": 5}}, {"model": "ordersapp.orderitem", "pk": 2, "fields": {"order": 2, "product": 1, "quantity": 2}}, {"model": "ordersapp.orderitem", "pk": 3, "fields": {"order": 3, "product": 1, "quantity": 4}}, {"model": "ordersapp.orderitem", "pk": 4, "fields": {"order": 4, "product": 3, "quantity": 3}}, {"model": "ordersapp.orderitem", "pk": 5, "fields": {"order": 5, "product": 4, "quantity": 1}}, {"model": "ordersapp.orderitem", "pk": 6, "fields": {"order": 6, "product": 4, "quantity": 1}}, {"model": "ordersapp.orderitem", "pk": 7, "fields": {"order": 7, "product": 2, "quantity": 1}}, {"model": "ordersapp.orderitem", "pk": 8, "fields": {"order": 8, "product": 2, "quantity": 1}}, {"model": "ordersapp.orderitem", "pk": 9, "fields": {"order": 9, "product": 1, "quantity": 1}}, {"model": "ordersapp.orderitem", "pk": 10, "fields": {"order": 11, "product": 1, "quantity": 1}}, {"model": "ordersapp.orderitem", "pk": 11, "fields": {"order": 12, "product": 3, "quantity": 1}}, {"model": "ordersapp.orderitem", "pk": 12, "fields": {"order": 14, "product": 5, "quantity": 1}}, {"model": "ordersapp.orderitem", "pk": 13, "fields": {"order": 14, "product": 3, "quantity": 1}}, {"model": "ordersapp.orderitem", "pk": 14, "fields": {"order": 15, "product": 2, "quantity": 2}}, {"model": "ordersapp.orderitem", "pk": 15, "fields": {"order": 16, "product": 3, "quantity": 1}}, {"model": "ordersapp.orderitem", "pk": 16, "fields": {"order": 17, "product": 3, "quantity": 6}}, {"model": "ordersapp.orderitem", "pk": 17, "fields": {"order": 18, "product": 2, "quantity": 1}}, {"model": "ordersapp.orderitem", "pk": 18, "fields": {"order": 19, "product": 1, "quantity": 1}}, {"model": "ordersapp.orderitem", "pk": 19, "fields": {"order": 20, "product": 1, "quantity": 1}}, {"model": "ordersapp.orderitem", "pk": 20, "fields": {"order": 21, "product": 1, "quantity": 1}}, {"model": "ordersapp.orderitem", "pk": 21, "fields": {"order": 22, "product": 1, "quantity": 4}}, {"model": "ordersapp.orderitem", "pk": 22, "fields": {"order": 23, "product": 1, "quantity": 5}}, {"model": "ordersapp.orderitem", "pk": 23, "fields": {"order": 24, "product": 1, "quantity": 1}}, {"model": "ordersapp.orderitem", "pk": 24, "fields": {"order": 23, "product": 1, "quantity": 1}}, {"model": "ordersapp.orderitem", "pk": 25, "fields": {"order": 1, "product": 3, "quantity": 1}}, {"model": "ordersapp.orderitem", "pk": 26, "fields": {"order": 1, "product": 4, "quantity": 1}}, {"model": "ordersapp.orderitem", "pk": 27, "fields": {"order": 1, "product": 3, "quantity": 1}}, {"model": "ordersapp.orderitem", "pk": 28, "fields": {"order": 1, "product": 7, "quantity": 5}}]